username,timestamp,content,replies,retweets,likes,mentions,hashtags,permalink,source_tag
@Jayendra_22,2025-08-31T07:06:47.000Z,"Join & become member of our free telegram community:

#NIFTY50 #AI #Stockmarket",0,0,0,[],"['#NIFTY50', '#AI', '#Stockmarket']",/Jayendra_22/status/1962049412756328606,#nifty50
@zywiremedia1,2025-08-31T07:03:52.000Z," NSE Update 
From Sept 1, 2025, #NSE revises quantity freeze limits for index derivatives.

 Bank Nifty  from 600 ➝ 900 contracts per order
 No change for:
•#Nifty50 (1,800)
•#FinNifty (1,800)
•#NiftyMidcapSelect (2,800)
•#NiftyNext50 (600)

Big boost for traders",0,0,0,[],"['#NSE', '#Nifty50', '#FinNifty', '#NiftyMidcapSelect', '#NiftyNext50']",/zywiremedia1/status/1962048675661902179,#nifty50
@MOHIT_BHAT18,2025-08-31T06:59:15.000Z," India’s Nifty lags while US & China lead the rally!
What’s your view on 2026 markets? 

#StockMarket #Nifty50 #Investing",0,0,0,[],"['#StockMarket', '#Nifty50', '#Investing']",/MOHIT_BHAT18/status/1962047517773971673,#nifty50
@MOHIT_BHAT18,2025-08-31T06:59:14.000Z,"Why is  Nifty 50 (-3.4%) lagging global markets? 
Here are some possible reasons :-

 Expensive valuations vs peers
 FII outflows as money shifts to US & China
 Weakness in IT, Banks & FMCG
 Inflation & high interest rates

#Nifty50 #StockMarket #Investing",0,0,0,[],"['#Nifty50', '#StockMarket', '#Investing']",/MOHIT_BHAT18/status/1962047512505966895,#nifty50
@MOHIT_BHAT18,2025-08-31T06:59:13.000Z,"Despite strong economy, why is Nifty struggling? 

 1-Year Global Market Check 

 Nifty 50: -3.4% 
 S&P 500: +16.8% 
 Dow Jones: +11.2% 
 Nikkei 225: +10.3% 
 SSE Composite: +37.2% 

#StockMarket #nifty50 #investing",0,0,0,[],"['#StockMarket', '#nifty50', '#investing']",/MOHIT_BHAT18/status/1962047508298989620,#nifty50
@TradePowerful,2025-08-31T06:56:58.000Z,"In social media, lot of people are bearish, this is the right time to make bottom and hit ath by November. 

#Nifty_rally
#nifty
#nifty50
#sensex
#banknifty",0,0,0,[],"['#Nifty_rally', '#nifty', '#nifty50', '#sensex', '#banknifty']",/TradePowerful/status/1962046940130242964,#nifty50
@Nandi_Trading,2025-08-31T06:49:25.000Z,"#NIFTY50 and Banknifty levels for tomorrow 1 September.

Happy Trading!!!
Nandi Trading Academy",0,0,0,[],['#NIFTY50'],/Nandi_Trading/status/1962045042404815353,#nifty50
@DG_411,2025-08-31T07:20:17.000Z,"10 Most Popular Indian Stocks Right Now:

• Reliance • TCS • HDFC Bank • ICICI Bank • HUL • Infosys • ITC • Bharti Airtel • SBI • Bajaj Finance

#IndiaStocks #Sensex #Nifty50",0,0,0,[],"['#IndiaStocks', '#Sensex', '#Nifty50']",/DG_411/status/1962052809291182305,#sensex
@StockDrill,2025-08-31T07:18:40.000Z," Broader markets snap 2-week gains!
 Sensex -1,497 pts (1.84%) @ 79,809
 Nifty -443 pts (1.78%) @ 24,426

FIIs keep selling  ₹21,152 Cr (9 weeks) while DIIs keep buying  ₹28,645 Cr.

Small caps bleed with double-digit falls! 

#StockMarket #Sensex #Nifty",0,0,0,[],"['#StockMarket', '#Sensex', '#Nifty']",/StockDrill/status/1962052400874942515,#sensex
@Ngl_trader,2025-08-31T06:58:43.000Z,"JOIN THE METTING EVERYONE DONT MISS THE OPPORTUNITY - https://meet.google.com/gfo-tyvv-zkj

#TRADING #nifty #sensex #optiontrading",0,0,0,[],"['#TRADING', '#nifty', '#sensex', '#optiontrading']",/Ngl_trader/status/1962047383442702352,#sensex
@StrongBreakOut,2025-08-31T06:37:48.000Z,"My AUGUST P&L 181000 Rs.
#optionbuying #optiontrading 

Join FREE TELEGRAM 
#nifty #nifty50 #banknifty #sensex #finnifty #nseindia #stocks #stock #stockinfocus #breakout #btst #intraday #sharekhan #zerodha #prsundar #mfsl #reliance #hdfcbank #icicibank",0,0,0,[],"['#optionbuying', '#optiontrading', '#nifty', '#nifty50', '#banknifty', '#sensex', '#finnifty', '#nseindia', '#stocks', '#stock', '#stockinfocus', '#breakout', '#btst', '#intraday', '#sharekhan', '#zerodha', '#prsundar', '#mfsl', '#reliance', '#hdfcbank', '#icicibank']",/StrongBreakOut/status/1962042117049745836,#sensex
@investparampara,2025-08-31T06:36:55.000Z,"#AJAXENGG - Ajax Engineering  

#investparampara #Retweet #Like #BSE #Sensex #IndianStockMarket #StockMarket #Investing #Trading #Stocks #Investment #Finance #Money #Nifty50",0,0,0,[],"['#AJAXENGG', '#investparampara', '#Retweet', '#Like', '#BSE', '#Sensex', '#IndianStockMarket', '#StockMarket', '#Investing', '#Trading', '#Stocks', '#Investment', '#Finance', '#Money', '#Nifty50']",/investparampara/status/1962041894894211378,#sensex
@fnohacked,2025-08-31T06:35:44.000Z," Education Report has been shared in FnoVerse.

No tips. No calls. Education only.

#nifty #sensex",0,0,0,[],"['#nifty', '#sensex']",/fnohacked/status/1962041597643857978,#sensex
@ganntradeing,2025-08-31T06:35:34.000Z,"GPLS® – Gann Pancholi Level Strategy
 30 Years. 0 Losing Months.
Discover the most reliable #intraday #trading framework for #Nifty traders—fully rule-based, chart-validated, and risk-conscious.

#nifty50 #sensex #banknifty #stockmarketindia 

• Step-by-step level computation",0,0,0,[],"['#intraday', '#trading', '#Nifty', '#nifty50', '#sensex', '#banknifty', '#stockmarketindia']",/ganntradeing/status/1962041554912284879,#intraday
@NiftyNerve,2025-08-31T06:30:00.000Z," Monday’s coming…

Most chase. We follow structure.

At NiftyNerve:
 Clean levels
 Psychology-based trades
 Hero-Zero setups

Free till Diwali 

 http://t.me/NiftyNerve

#nifty #nifty50 #banknifty #intraday #trading #optiontrading #priceaction #stockmarket #Sensex",0,0,0,[],"['#nifty', '#nifty50', '#banknifty', '#intraday', '#trading', '#optiontrading', '#priceaction', '#stockmarket', '#Sensex']",/NiftyNerve/status/1962040154387890319,#intraday
@Ashokksharma78,2025-08-31T06:06:27.000Z,"Market Outlook for September 2025 

https://facebook.com/share/p/1EL2JhDTiM/?mibextid=wwXIfr…

#OPTIONS  #GIFTNIFTY #BSE
#intraday #fii #GSTReforms 
#stockmarket #IndusIndBank #TrumpTariffs #idea #yesbank #zomato #swiggy #crude #Israel #janestreet #trumpdead",0,0,0,[],"['#OPTIONS', '#GIFTNIFTY', '#BSE', '#intraday', '#fii', '#GSTReforms', '#stockmarket', '#IndusIndBank', '#TrumpTariffs', '#idea', '#yesbank', '#zomato', '#swiggy', '#crude', '#Israel', '#janestreet', '#trumpdead']",/Ashokksharma78/status/1962034228201431488,#intraday
